{
    "Comment":"Workflow orchestration for a rendering pipeline using AWS Batch",
    "StartAt":"Number of frames extraction",
    "States":{
        "Number of frames extraction":{
            "Next":"Rendering",
            "Retry":[
                {
                    "ErrorEquals":[
                        "Lambda.ServiceException",
                        "Lambda.AWSLambdaException",
                        "Lambda.SdkClientException"
                    ],
                    "IntervalSeconds":2,
                    "MaxAttempts":6,
                    "BackoffRate":2
                }
            ],
            "Type":"Task",
            "Resource":"arn:aws:states:::lambda:invoke",
            "Parameters":{
                "FunctionName":"{{ FUNCTION_ARN }}",
                "Payload.$":"$"
            },
            "ResultPath":"$.output"
        },
        "Rendering":{
            "Type":"Task",
            "Resource":"arn:aws:states:::batch:submitJob.sync",
            "Parameters":{
                "JobName.$":"$.jobName",
                "ArrayProperties":{
                    "Size.$":"$.output.Payload.body.arrayJobSize"
                },
                "Parameters":{
                    "action":"render",
                    "inputUri.$":"$.inputUri",
                    "outputUri.$":"$.outputUri",
                    "framesPerJob.$":"$.framesPerJob"
                },
                "JobDefinition.$":"$.jobDefinitionArn",
                "JobQueue.$":"$.jobQueueArn"
            },
            "Next":"Stitching",
            "ResultPath":"$.output"
        },
        "Stitching":{
            "Type":"Task",
            "Resource":"arn:aws:states:::batch:submitJob.sync",
            "Parameters":{
                "JobName":"Stitching",
                "Parameters":{
                    "action":"stitch",
                    "inputUri.$":"$.outputUri",
                    "outputUri.$":"$.outputUri",
                    "framesPerJob.$":"$.framesPerJob"
                },
                "JobDefinition.$":"$.jobDefinitionArn",
                "JobQueue.$":"$.jobQueueArn"
            },
            "End":true
        }
    }
}